schema_version,trace_version,trace_sha256,rpc_method_model,deadline_model,offered_load_definition,warmup_requests,measurement_requests,measured_generated_work_us,experiment_duration_us,latency_sample_count,scenario,workload,method,rho,seed,check_period_us,scan_depth,epsilon_us,budget_per_check,k_candidates,h_targets,migration_cost_us,service_estimate_mode,service_estimate_noise_cv,service_estimate_ewma_alpha,w2_hot_core_count,w2_hot_dispatch_prob,placement_mode,flow_count,flow_zipf_alpha,flow_hash_seed,target_insert_policy,hybrid_pressure_ratio,hybrid_min_gain_us,work_steal_poll_us,work_steal_max_per_poll,alto_queue_threshold_us,alto_min_gain_us,control_cost_mode,control_check_cost_us,control_queue_entry_cost_us,control_candidate_cost_us,control_target_cost_us,control_estimator_update_cost_us,control_poll_cost_us,target_safety_enabled,rescuable_filter_enabled,P99_us,P999_us,slo_violation_rate,total_finished,total_generated,migration_rate,invalid_migration_ratio,intra_move_rate,intra_move_count,intra_moved_work_us,steal_attempt_count,steal_success_count,stolen_task_count,steal_poll_count,steal_idle_core_check_count,proactive_intra_attempt_count,proactive_intra_success_count,invalid_intra_move_ratio,rescue_attempt_count,rescue_candidate_count,locally_doomed_count,remote_feasible_count,target_safe_count,rescue_success_count,rescue_queue_entries_inspected_count,rescue_accepted_candidate_count,rescue_target_evaluation_count,rescue_source_revalidation_reject_count,rescue_remote_revalidation_reject_count,migration_handoff_count,avg_migration_handoff_us,max_migration_handoff_us,max_rescue_commits_per_check,max_target_reservation_work_us,descriptor_handoff_count,avg_descriptor_handoff_us,max_descriptor_handoff_us,rescue_moved_work_us,target_unsafe_reject_count,remote_infeasible_reject_count,needless_migration_count,rescue_short_move_count,rescue_long_move_count,rescue_burst_move_count,rescue_nonburst_move_count,avg_rescue_source_work_at_commit_us,avg_rescue_destination_work_at_commit_us,rescue_migrated_finished,rescue_migrated_slo_violation_rate,rescue_migrated_P99_us,rescue_migrated_P999_us,rescue_nonmigrated_finished,rescue_nonmigrated_slo_violation_rate,rescue_nonmigrated_P99_us,rescue_nonmigrated_P999_us,unsaved_migration_count,beneficial_migration_count,harmful_migration_count,predicted_target_unsafe_accept_count,target_harm_watch_count,harmful_actual_count,harmful_actual_ratio,target_induced_miss_actual,beneficial_migration_ratio,useless_migration_ratio,rescue_per_migration,relief_attempt_count,relief_success_count,relief_beneficial_count,relief_useless_count,relief_moved_work_us,relief_beneficial_migration_ratio,relief_useless_migration_ratio,estimator_observation_count,estimator_mean_signed_error_us,estimator_mae_us,estimator_rmse_us,estimator_underestimate_count,estimator_overestimate_count,estimator_exact_count,estimator_cold_start_count,estimator_short_observation_count,estimator_long_observation_count,estimator_short_mae_us,estimator_long_mae_us,control_check_count,control_queue_entry_count,control_candidate_count,control_target_count,control_estimator_update_count,control_poll_operation_count,configured_control_cost_sum_us
rescuesched-v2,rescuesched-trace-v2,98e7f37b397b849bdb47bf3c47609ea315f9aeb3f799b83f9cf4b9a18186b08c,explicit-short-long-method,server-side-method-budget,actual-service-plus-host,500,5000,131596,13109.8,5000,rescue_w3_heavytail_main,W3,L0_RandomCore,0.7,11,1,64,5,1,16,4,0.5,ewma,0,0.05,4,0.5,request_random,4096,0,1381192497,append_tail,1.25,5,1,16,40,0,accounting_only,0,0,0,0,0,0,1,1,754,964,0.3908,5000,5500,0,0,0,0,0,0,0,0,0,0,0,0,0,0,0,0,0,0,0,0,0,0,0,0,0,0,0,0,0,0,0,0,0,0,0,0,0,0,0,0,0,0,0,0,0,0,5000,0.3908,753.716,963.959,0,0,0,0,0,0,0,0,0,0,0,0,0,0,0,0,0,0,5000,-0.129274,12.0693,25.2652,2039,2961,0,0,3104,1896,4.26543,24.8452,0,0,0,0,5022,0,0
rescuesched-v2,rescuesched-trace-v2,98e7f37b397b849bdb47bf3c47609ea315f9aeb3f799b83f9cf4b9a18186b08c,explicit-short-long-method,server-side-method-budget,actual-service-plus-host,500,5000,131596,12977.5,5000,rescue_w3_heavytail_main,W3,L1_WorkStealingPolling,0.7,11,1,64,5,1,16,4,0.5,ewma,0,0.05,4,0.5,request_random,4096,0,1381192497,append_tail,1.25,5,1,16,40,0,accounting_only,0,0,0,0,0,0,1,1,152,320,0.0106,5000,5500,0,0,0.6642,3321,88081.1,60494,3321,3321,11754,55728,0,0,0,0,0,0,0,0,0,0,0,0,0,0,0,0,0,0,76.3186,3321,0.5,0.5,0,0,0,0,0,0,0,0,0,0,0,0,0,0,5000,0.0106,151.844,320.483,0,0,0,0,0,0,0,0,0,0,0,0,0,0,0,0,0,0,5000,-0.101074,12.0752,25.2549,2038,2962,0,0,3104,1896,4.2674,24.8575,0,0,0,0,5011,11754,0
rescuesched-v2,rescuesched-trace-v2,98e7f37b397b849bdb47bf3c47609ea315f9aeb3f799b83f9cf4b9a18186b08c,explicit-short-long-method,server-side-method-budget,actual-service-plus-host,500,5000,131596,12993.2,5000,rescue_w3_heavytail_main,W3,M0_AltoThreshold,0.7,11,1,64,5,1,16,4,0.5,ewma,0,0.05,4,0.5,request_random,4096,0,1381192497,append_tail,1.25,5,1,16,40,0,accounting_only,0,0,0,0,0,0,1,1,203,386,0.0268,5000,5500,0,0,0.2478,1239,19062.2,0,0,0,0,0,11770,1239,0.00403551,0,0,0,0,0,0,0,0,0,0,0,0,0,0,0,72.6794,1239,0.5,0.5,0,0,0,0,0,0,0,0,0,0,0,0,0,0,5000,0.0268,203.07,386.12,0,0,0,0,0,0,0,0,0,0,0,0,0,0,0,0,0,0,5000,-0.142866,12.0552,25.3234,2046,2954,0,0,3104,1896,4.25778,24.8206,11770,51102,1324,5296,5016,0,0
rescuesched-v2,rescuesched-trace-v2,98e7f37b397b849bdb47bf3c47609ea315f9aeb3f799b83f9cf4b9a18186b08c,explicit-short-long-method,server-side-method-budget,actual-service-plus-host,500,5000,131596,13017.9,5000,rescue_w3_heavytail_main,W3,M1_RescueSched,0.7,11,1,64,5,1,16,4,0.5,ewma,0,0.05,4,0.5,request_random,4096,0,1381192497,append_tail,1.25,5,1,16,40,0,accounting_only,0,0,0,0,0,0,1,1,197,375,0.021,5000,5500,0,0,0.2532,1266,19326.7,0,0,0,0,0,0,0,0,11794,63576,1351,5401,5401,1266,127152,1351,5404,0,0,1266,0.5,0.5,1,75.2065,1266,0.5,0.5,19326.7,0,3,0,1148,118,0,1266,110.513,0.149885,1266,0.00552923,133.888,221.592,3734,0.0262453,213.441,405.523,7,1259,0,0,0,0,0,0,0.994471,0.00552923,0.994471,0,0,0,0,0,0,0,5000,-0.156722,12.0251,25.2875,2042,2958,0,0,3104,1896,4.26171,24.7347,11794,127152,1351,5404,5016,0,0
rescuesched-v2,rescuesched-trace-v2,a0d6fbd8e7fade2e5b1028b918e3a75e3c025322a62116e8c069ed57e3656d09,explicit-short-long-method,server-side-method-budget,actual-service-plus-host,500,5000,133006,13185.9,5000,rescue_w3_heavytail_main,W3,L0_RandomCore,0.7,23,1,64,5,1,16,4,0.5,ewma,0,0.05,4,0.5,request_random,4096,0,1381192497,append_tail,1.25,5,1,16,40,0,accounting_only,0,0,0,0,0,0,1,1,720,808,0.4144,5000,5500,0,0,0,0,0,0,0,0,0,0,0,0,0,0,0,0,0,0,0,0,0,0,0,0,0,0,0,0,0,0,0,0,0,0,0,0,0,0,0,0,0,0,0,0,0,0,5000,0.4144,719.545,807.774,0,0,0,0,0,0,0,0,0,0,0,0,0,0,0,0,0,0,5000,-0.06744,12.7065,27.7028,1986,3014,0,0,3106,1894,4.30009,26.4923,0,0,0,0,5044,0,0
rescuesched-v2,rescuesched-trace-v2,a0d6fbd8e7fade2e5b1028b918e3a75e3c025322a62116e8c069ed57e3656d09,explicit-short-long-method,server-side-method-budget,actual-service-plus-host,500,5000,133006,12766.4,5000,rescue_w3_heavytail_main,W3,L1_WorkStealingPolling,0.7,23,1,64,5,1,16,4,0.5,ewma,0,0.05,4,0.5,request_random,4096,0,1381192497,append_tail,1.25,5,1,16,40,0,accounting_only,0,0,0,0,0,0,1,1,167,376,0.0076,5000,5500,0,0,0.6784,3392,91293.7,56201,3392,3392,11590,51450,0,0,0,0,0,0,0,0,0,0,0,0,0,0,0,0,0,0,81,3392,0.5,0.5,0,0,0,0,0,0,0,0,0,0,0,0,0,0,5000,0.0076,166.62,375.71,0,0,0,0,0,0,0,0,0,0,0,0,0,0,0,0,0,0,5000,0.0326857,12.8003,27.7967,1987,3013,0,0,3106,1894,4.28502,26.7647,0,0,0,0,5013,11590,0
rescuesched-v2,rescuesched-trace-v2,a0d6fbd8e7fade2e5b1028b918e3a75e3c025322a62116e8c069ed57e3656d09,explicit-short-long-method,server-side-method-budget,actual-service-plus-host,500,5000,133006,12820.3,5000,rescue_w3_heavytail_main,W3,M0_AltoThreshold,0.7,23,1,64,5,1,16,4,0.5,ewma,0,0.05,4,0.5,request_random,4096,0,1381192497,append_tail,1.25,5,1,16,40,0,accounting_only,0,0,0,0,0,0,1,1,214,395,0.0254,5000,5500,0,0,0.261,1305,20776.9,0,0,0,0,0,11644,1305,0.000766284,0,0,0,0,0,0,0,0,0,0,0,0,0,0,0,76.8895,1305,0.5,0.5,0,0,0,0,0,0,0,0,0,0,0,0,0,0,5000,0.0254,214.475,394.837,0,0,0,0,0,0,0,0,0,0,0,0,0,0,0,0,0,0,5000,-0.0342556,12.8218,27.8761,1987,3013,0,0,3106,1894,4.29055,26.8124,11644,51337,1417,5668,5019,0,0
rescuesched-v2,rescuesched-trace-v2,a0d6fbd8e7fade2e5b1028b918e3a75e3c025322a62116e8c069ed57e3656d09,explicit-short-long-method,server-side-method-budget,actual-service-plus-host,500,5000,133006,12820.3,5000,rescue_w3_heavytail_main,W3,M1_RescueSched,0.7,23,1,64,5,1,16,4,0.5,ewma,0,0.05,4,0.5,request_random,4096,0,1381192497,append_tail,1.25,5,1,16,40,0,accounting_only,0,0,0,0,0,0,1,1,212,395,0.0238,5000,5500,0,0,0.2662,1331,21126,0,0,0,0,0,0,0,0,11644,64134,1455,5800,5800,1331,128268,1455,5820,0,0,1331,0.5,0.5,1,77.6192,1331,0.5,0.5,21126,0,20,0,1191,140,0,1331,115.213,0.388242,1331,0.00826446,134.177,242.323,3669,0.0294358,220.083,526.652,11,1320,0,0,7,0,0,0,0.991736,0.00826446,0.991736,0,0,0,0,0,0,0,5000,-0.0444741,12.8185,27.8748,1989,3011,0,0,3106,1894,4.28643,26.8104,11644,128268,1455,5820,5020,0,0
rescuesched-v2,rescuesched-trace-v2,f43de835e4c5487970a689ae1ed1f46a04b3f7eaa1ccfb4fc6e214ffafedd001,explicit-short-long-method,server-side-method-budget,actual-service-plus-host,500,5000,130716,13074,5000,rescue_w3_heavytail_main,W3,L0_RandomCore,0.7,37,1,64,5,1,16,4,0.5,ewma,0,0.05,4,0.5,request_random,4096,0,1381192497,append_tail,1.25,5,1,16,40,0,accounting_only,0,0,0,0,0,0,1,1,768,1.1e+03,0.3914,5000,5500,0,0,0,0,0,0,0,0,0,0,0,0,0,0,0,0,0,0,0,0,0,0,0,0,0,0,0,0,0,0,0,0,0,0,0,0,0,0,0,0,0,0,0,0,0,0,5000,0.3914,768.09,1095.81,0,0,0,0,0,0,0,0,0,0,0,0,0,0,0,0,0,0,5000,-0.0787711,12.1909,29.1629,2036,2964,0,0,3152,1848,4.31417,25.6258,0,0,0,0,5052,0,0
rescuesched-v2,rescuesched-trace-v2,f43de835e4c5487970a689ae1ed1f46a04b3f7eaa1ccfb4fc6e214ffafedd001,explicit-short-long-method,server-side-method-budget,actual-service-plus-host,500,5000,130716,13025.1,5000,rescue_w3_heavytail_main,W3,L1_WorkStealingPolling,0.7,37,1,64,5,1,16,4,0.5,ewma,0,0.05,4,0.5,request_random,4096,0,1381192497,append_tail,1.25,5,1,16,40,0,accounting_only,0,0,0,0,0,0,1,1,151,370,0.0114,5000,5500,0,0,0.652,3260,86882.7,62388,3260,3260,11859,57651,0,0,0,0,0,0,0,0,0,0,0,0,0,0,0,0,0,0,103.892,3260,0.5,0.5,0,0,0,0,0,0,0,0,0,0,0,0,0,0,5000,0.0114,150.887,369.655,0,0,0,0,0,0,0,0,0,0,0,0,0,0,0,0,0,0,5000,0.0939339,12.2905,29.2145,2008,2992,0,0,3152,1848,4.31984,25.8854,0,0,0,0,5017,11859,0
rescuesched-v2,rescuesched-trace-v2,f43de835e4c5487970a689ae1ed1f46a04b3f7eaa1ccfb4fc6e214ffafedd001,explicit-short-long-method,server-side-method-budget,actual-service-plus-host,500,5000,130716,13074,5000,rescue_w3_heavytail_main,W3,M0_AltoThreshold,0.7,37,1,64,5,1,16,4,0.5,ewma,0,0.05,4,0.5,request_random,4096,0,1381192497,append_tail,1.25,5,1,16,40,0,accounting_only,0,0,0,0,0,0,1,1,199,387,0.0228,5000,5500,0,0,0.2546,1273,18987.6,0,0,0,0,0,11908,1273,0.00157109,0,0,0,0,0,0,0,0,0,0,0,0,0,0,0,77.9614,1273,0.5,0.5,0,0,0,0,0,0,0,0,0,0,0,0,0,0,5000,0.0228,199.065,386.558,0,0,0,0,0,0,0,0,0,0,0,0,0,0,0,0,0,0,5000,-0.0298101,12.2271,29.1817,2007,2993,0,0,3152,1848,4.31816,25.7167,11908,51139,1386,5544,5022,0,0
rescuesched-v2,rescuesched-trace-v2,f43de835e4c5487970a689ae1ed1f46a04b3f7eaa1ccfb4fc6e214ffafedd001,explicit-short-long-method,server-side-method-budget,actual-service-plus-host,500,5000,130716,13074,5000,rescue_w3_heavytail_main,W3,M1_RescueSched,0.7,37,1,64,5,1,16,4,0.5,ewma,0,0.05,4,0.5,request_random,4096,0,1381192497,append_tail,1.25,5,1,16,40,0,accounting_only,0,0,0,0,0,0,1,1,197,387,0.018,5000,5500,0,0,0.2634,1317,19728.6,0,0,0,0,0,0,0,0,11908,63128,1435,5698,5698,1317,126256,1435,5740,0,0,1317,0.5,0.5,1,95.3749,1317,0.5,0.5,19728.6,0,42,0,1205,112,0,1317,119.489,0.659078,1317,0.00607441,117.982,210.789,3683,0.0222645,212.06,412.455,8,1309,2,0,21,2,0.0015186,2,0.993926,0.00759301,0.993926,0,0,0,0,0,0,0,5000,-0.0179994,12.2419,29.1779,2019,2981,0,0,3152,1848,4.31452,25.763,11908,126256,1435,5740,5022,0,0
rescuesched-v2,rescuesched-trace-v2,c50d56e72c5cbf43833c3382475d50f6619940df2203cb6aebb5bd37a4b4c901,explicit-short-long-method,server-side-method-budget,actual-service-plus-host,500,5000,127598,13139.8,5000,rescue_w3_heavytail_main,W3,L0_RandomCore,0.7,47,1,64,5,1,16,4,0.5,ewma,0,0.05,4,0.5,request_random,4096,0,1381192497,append_tail,1.25,5,1,16,40,0,accounting_only,0,0,0,0,0,0,1,1,413,814,0.3452,5000,5500,0,0,0,0,0,0,0,0,0,0,0,0,0,0,0,0,0,0,0,0,0,0,0,0,0,0,0,0,0,0,0,0,0,0,0,0,0,0,0,0,0,0,0,0,0,0,5000,0.3452,413.451,813.717,0,0,0,0,0,0,0,0,0,0,0,0,0,0,0,0,0,0,5000,-0.0753883,11.5107,24.9313,2087,2913,0,0,3173,1827,4.29584,24.0409,0,0,0,0,5037,0,0
rescuesched-v2,rescuesched-trace-v2,c50d56e72c5cbf43833c3382475d50f6619940df2203cb6aebb5bd37a4b4c901,explicit-short-long-method,server-side-method-budget,actual-service-plus-host,500,5000,127598,12909.7,5000,rescue_w3_heavytail_main,W3,L1_WorkStealingPolling,0.7,47,1,64,5,1,16,4,0.5,ewma,0,0.05,4,0.5,request_random,4096,0,1381192497,append_tail,1.25,5,1,16,40,0,accounting_only,0,0,0,0,0,0,1,1,153,301,0.0044,5000,5500,0,0,0.6534,3267,84177.1,66345,3267,3267,11861,61513,0,0,0,0,0,0,0,0,0,0,0,0,0,0,0,0,0,0,84.6111,3267,0.5,0.5,0,0,0,0,0,0,0,0,0,0,0,0,0,0,5000,0.0044,153.015,301.393,0,0,0,0,0,0,0,0,0,0,0,0,0,0,0,0,0,0,5000,-0.0566606,11.4717,24.8015,2078,2922,0,0,3173,1827,4.26674,23.9846,0,0,0,0,5011,11861,0
rescuesched-v2,rescuesched-trace-v2,c50d56e72c5cbf43833c3382475d50f6619940df2203cb6aebb5bd37a4b4c901,explicit-short-long-method,server-side-method-budget,actual-service-plus-host,500,5000,127598,12909.2,5000,rescue_w3_heavytail_main,W3,M0_AltoThreshold,0.7,47,1,64,5,1,16,4,0.5,ewma,0,0.05,4,0.5,request_random,4096,0,1381192497,append_tail,1.25,5,1,16,40,0,accounting_only,0,0,0,0,0,0,1,1,197,321,0.0206,5000,5500,0,0,0.236,1180,16629.6,0,0,0,0,0,11861,1180,0.00169492,0,0,0,0,0,0,0,0,0,0,0,0,0,0,0,79.2326,1180,0.5,0.5,0,0,0,0,0,0,0,0,0,0,0,0,0,0,5000,0.0206,196.966,320.914,0,0,0,0,0,0,0,0,0,0,0,0,0,0,0,0,0,0,5000,-0.140023,11.4806,24.8847,2099,2901,0,0,3173,1827,4.26731,24.0081,11861,46768,1276,5104,5017,0,0
rescuesched-v2,rescuesched-trace-v2,c50d56e72c5cbf43833c3382475d50f6619940df2203cb6aebb5bd37a4b4c901,explicit-short-long-method,server-side-method-budget,actual-service-plus-host,500,5000,127598,12909.2,5000,rescue_w3_heavytail_main,W3,M1_RescueSched,0.7,47,1,64,5,1,16,4,0.5,ewma,0,0.05,4,0.5,request_random,4096,0,1381192497,append_tail,1.25,5,1,16,40,0,accounting_only,0,0,0,0,0,0,1,1,197,314,0.0188,5000,5500,0,0,0.2372,1186,16550.1,0,0,0,0,0,0,0,0,11861,58618,1278,5111,5111,1186,117236,1278,5112,0,0,1186,0.5,0.5,1,79.9549,1186,0.5,0.5,16550.1,0,1,0,1117,69,0,1186,102.784,0.137437,1186,0.00337268,104.82,183.214,3814,0.0235973,207.947,353.512,4,1182,0,0,0,0,0,0,0.996627,0.00337268,0.996627,0,0,0,0,0,0,0,5000,-0.128981,11.4904,24.8927,2103,2897,0,0,3173,1827,4.27114,24.0282,11861,117236,1278,5112,5017,0,0
rescuesched-v2,rescuesched-trace-v2,ebc862325ff33c640b08b7a96fbd72e78eeabd3e6ec7fd65dc1504b1c13ac82d,explicit-short-long-method,server-side-method-budget,actual-service-plus-host,500,5000,126779,13024.7,5000,rescue_w3_heavytail_main,W3,L0_RandomCore,0.7,59,1,64,5,1,16,4,0.5,ewma,0,0.05,4,0.5,request_random,4096,0,1381192497,append_tail,1.25,5,1,16,40,0,accounting_only,0,0,0,0,0,0,1,1,337,434,0.3408,5000,5500,0,0,0,0,0,0,0,0,0,0,0,0,0,0,0,0,0,0,0,0,0,0,0,0,0,0,0,0,0,0,0,0,0,0,0,0,0,0,0,0,0,0,0,0,0,0,5000,0.3408,337.264,434.115,0,0,0,0,0,0,0,0,0,0,0,0,0,0,0,0,0,0,5000,-0.0907495,11.4327,22.4141,2040,2960,0,0,3169,1831,4.42502,23.5613,0,0,0,0,5033,0,0
rescuesched-v2,rescuesched-trace-v2,ebc862325ff33c640b08b7a96fbd72e78eeabd3e6ec7fd65dc1504b1c13ac82d,explicit-short-long-method,server-side-method-budget,actual-service-plus-host,500,5000,126779,12868.6,5000,rescue_w3_heavytail_main,W3,L1_WorkStealingPolling,0.7,59,1,64,5,1,16,4,0.5,ewma,0,0.05,4,0.5,request_random,4096,0,1381192497,append_tail,1.25,5,1,16,40,0,accounting_only,0,0,0,0,0,0,1,1,138,276,0.0062,5000,5500,0,0,0.6448,3224,81727.5,64930,3224,3224,11728,60139,0,0,0,0,0,0,0,0,0,0,0,0,0,0,0,0,0,0,69.638,3224,0.5,0.5,0,0,0,0,0,0,0,0,0,0,0,0,0,0,5000,0.0062,138.383,276.168,0,0,0,0,0,0,0,0,0,0,0,0,0,0,0,0,0,0,5000,-0.069899,11.4257,22.4066,2043,2957,0,0,3169,1831,4.4173,23.5554,0,0,0,0,5010,11728,0
rescuesched-v2,rescuesched-trace-v2,ebc862325ff33c640b08b7a96fbd72e78eeabd3e6ec7fd65dc1504b1c13ac82d,explicit-short-long-method,server-side-method-budget,actual-service-plus-host,500,5000,126779,12878.5,5000,rescue_w3_heavytail_main,W3,M0_AltoThreshold,0.7,59,1,64,5,1,16,4,0.5,ewma,0,0.05,4,0.5,request_random,4096,0,1381192497,append_tail,1.25,5,1,16,40,0,accounting_only,0,0,0,0,0,0,1,1,185,348,0.019,5000,5500,0,0,0.241,1205,16979.7,0,0,0,0,0,11738,1205,0.00165975,0,0,0,0,0,0,0,0,0,0,0,0,0,0,0,65.5263,1205,0.5,0.5,0,0,0,0,0,0,0,0,0,0,0,0,0,0,5000,0.019,185.028,347.88,0,0,0,0,0,0,0,0,0,0,0,0,0,0,0,0,0,0,5000,-0.138698,11.3806,22.4136,2056,2944,0,0,3169,1831,4.40874,23.4471,11738,49070,1285,5140,5015,0,0
rescuesched-v2,rescuesched-trace-v2,ebc862325ff33c640b08b7a96fbd72e78eeabd3e6ec7fd65dc1504b1c13ac82d,explicit-short-long-method,server-side-method-budget,actual-service-plus-host,500,5000,126779,12878.5,5000,rescue_w3_heavytail_main,W3,M1_RescueSched,0.7,59,1,64,5,1,16,4,0.5,ewma,0,0.05,4,0.5,request_random,4096,0,1381192497,append_tail,1.25,5,1,16,40,0,accounting_only,0,0,0,0,0,0,1,1,184,358,0.016,5000,5500,0,0,0.2458,1229,17206.1,0,0,0,0,0,0,0,0,11738,60710,1305,5215,5215,1229,121420,1305,5220,0,0,1229,0.5,0.5,1,62.7535,1229,0.5,0.5,17206.1,0,5,0,1151,78,0,1229,101.356,0.178555,1229,0.00569569,88.9475,139.533,3771,0.0193583,192.551,375.217,7,1222,0,0,0,0,0,0,0.994304,0.00569569,0.994304,0,0,0,0,0,0,0,5000,-0.160237,11.3683,22.3983,2044,2956,0,0,3169,1831,4.40824,23.4143,11738,121420,1305,5220,5015,0,0
rescuesched-v2,rescuesched-trace-v2,6fcb3c71ebc9d9d19722ec1991d4305573fa40e3e0bcb4ec11c7b8ec7da8f0e0,explicit-short-long-method,server-side-method-budget,actual-service-plus-host,500,5000,131596,11526,5000,rescue_w3_heavytail_main,W3,L0_RandomCore,0.85,11,1,64,5,1,16,4,0.5,ewma,0,0.05,4,0.5,request_random,4096,0,1381192497,append_tail,1.25,5,1,16,40,0,accounting_only,0,0,0,0,0,0,1,1,1.27e+03,1.46e+03,0.6006,5000,5500,0,0,0,0,0,0,0,0,0,0,0,0,0,0,0,0,0,0,0,0,0,0,0,0,0,0,0,0,0,0,0,0,0,0,0,0,0,0,0,0,0,0,0,0,0,0,5000,0.6006,1269.09,1460.31,0,0,0,0,0,0,0,0,0,0,0,0,0,0,0,0,0,0,5000,0.0255153,12.2326,25.47,2033,2967,0,0,3104,1896,4.27013,25.2683,0,0,0,0,5045,0,0
rescuesched-v2,rescuesched-trace-v2,6fcb3c71ebc9d9d19722ec1991d4305573fa40e3e0bcb4ec11c7b8ec7da8f0e0,explicit-short-long-method,server-side-method-budget,actual-service-plus-host,500,5000,131596,10715.9,5000,rescue_w3_heavytail_main,W3,L1_WorkStealingPolling,0.85,11,1,64,5,1,16,4,0.5,ewma,0,0.05,4,0.5,request_random,4096,0,1381192497,append_tail,1.25,5,1,16,40,0,accounting_only,0,0,0,0,0,0,1,1,159,320,0.0402,5000,5500,0,0,0.6656,3328,91221.3,26542,3328,3328,9708,22538,0,0,0,0,0,0,0,0,0,0,0,0,0,0,0,0,0,0,74.3008,3328,0.5,0.5,0,0,0,0,0,0,0,0,0,0,0,0,0,0,5000,0.0402,158.831,320.344,0,0,0,0,0,0,0,0,0,0,0,0,0,0,0,0,0,0,5000,-0.0706909,12.0801,25.2969,2029,2971,0,0,3104,1896,4.26288,24.8779,0,0,0,0,5012,9708,0
rescuesched-v2,rescuesched-trace-v2,6fcb3c71ebc9d9d19722ec1991d4305573fa40e3e0bcb4ec11c7b8ec7da8f0e0,explicit-short-long-method,server-side-method-budget,actual-service-plus-host,500,5000,131596,10779.2,5000,rescue_w3_heavytail_main,W3,M0_AltoThreshold,0.85,11,1,64,5,1,16,4,0.5,ewma,0,0.05,4,0.5,request_random,4096,0,1381192497,append_tail,1.25,5,1,16,40,0,accounting_only,0,0,0,0,0,0,1,1,213,387,0.0454,5000,5500,0,0,0.3508,1754,27260,0,0,0,0,0,9772,1754,0.00684151,0,0,0,0,0,0,0,0,0,0,0,0,0,0,0,75.6401,1754,0.5,0.5,0,0,0,0,0,0,0,0,0,0,0,0,0,0,5000,0.0454,212.902,387.419,0,0,0,0,0,0,0,0,0,0,0,0,0,0,0,0,0,0,5000,-0.115554,11.9929,25.241,2028,2972,0,0,3104,1896,4.26318,24.6475,9772,73516,2079,8316,5018,0,0
rescuesched-v2,rescuesched-trace-v2,6fcb3c71ebc9d9d19722ec1991d4305573fa40e3e0bcb4ec11c7b8ec7da8f0e0,explicit-short-long-method,server-side-method-budget,actual-service-plus-host,500,5000,131596,10773.3,5000,rescue_w3_heavytail_main,W3,M1_RescueSched,0.85,11,1,64,5,1,16,4,0.5,ewma,0,0.05,4,0.5,request_random,4096,0,1381192497,append_tail,1.25,5,1,16,40,0,accounting_only,0,0,0,0,0,0,1,1,209,381,0.0424,5000,5500,0,0,0.3326,1663,26387.6,0,0,0,0,0,0,0,0,9766,91186,6363,7099,7077,1663,182372,6363,25452,0,0,1663,0.5,0.5,1,75.5945,1663,0.5,0.5,26387.6,22,18353,0,1488,175,0,1663,116.638,3.0123,1663,0.0108238,138.797,248.127,3337,0.0581361,230.651,408.551,18,1645,9,0,127,9,0.00541191,9,0.989176,0.0162357,0.989176,0,0,0,0,0,0,0,5000,-0.0570479,12.0609,25.2813,2030,2970,0,0,3104,1896,4.26359,24.8262,9766,182372,6363,25452,5018,0,0
rescuesched-v2,rescuesched-trace-v2,e8571df49e2ece5c9dcc9c09619d6c5a9a0598454352106f77f8a343f96cca8b,explicit-short-long-method,server-side-method-budget,actual-service-plus-host,500,5000,133006,11321.7,5000,rescue_w3_heavytail_main,W3,L0_RandomCore,0.85,23,1,64,5,1,16,4,0.5,ewma,0,0.05,4,0.5,request_random,4096,0,1381192497,append_tail,1.25,5,1,16,40,0,accounting_only,0,0,0,0,0,0,1,1,916,1.04e+03,0.638,5000,5500,0,0,0,0,0,0,0,0,0,0,0,0,0,0,0,0,0,0,0,0,0,0,0,0,0,0,0,0,0,0,0,0,0,0,0,0,0,0,0,0,0,0,0,0,0,0,5000,0.638,916.003,1037.42,0,0,0,0,0,0,0,0,0,0,0,0,0,0,0,0,0,0,5000,0.0775395,12.8287,27.7938,1984,3016,0,0,3106,1894,4.31158,26.796,0,0,0,0,5066,0,0
rescuesched-v2,rescuesched-trace-v2,e8571df49e2ece5c9dcc9c09619d6c5a9a0598454352106f77f8a343f96cca8b,explicit-short-long-method,server-side-method-budget,actual-service-plus-host,500,5000,133006,10535.5,5000,rescue_w3_heavytail_main,W3,L1_WorkStealingPolling,0.85,23,1,64,5,1,16,4,0.5,ewma,0,0.05,4,0.5,request_random,4096,0,1381192497,append_tail,1.25,5,1,16,40,0,accounting_only,0,0,0,0,0,0,1,1,170,375,0.068,5000,5500,0,0,0.6302,3151,88906.9,22162,3151,3151,9567,18459,0,0,0,0,0,0,0,0,0,0,0,0,0,0,0,0,0,0,85.0073,3151,0.5,0.5,0,0,0,0,0,0,0,0,0,0,0,0,0,0,5000,0.068,169.896,375.008,0,0,0,0,0,0,0,0,0,0,0,0,0,0,0,0,0,0,5000,0.0692166,12.7707,27.7672,1987,3013,0,0,3106,1894,4.29673,26.6672,0,0,0,0,5022,9567,0
rescuesched-v2,rescuesched-trace-v2,e8571df49e2ece5c9dcc9c09619d6c5a9a0598454352106f77f8a343f96cca8b,explicit-short-long-method,server-side-method-budget,actual-service-plus-host,500,5000,133006,10608.6,5000,rescue_w3_heavytail_main,W3,M0_AltoThreshold,0.85,23,1,64,5,1,16,4,0.5,ewma,0,0.05,4,0.5,request_random,4096,0,1381192497,append_tail,1.25,5,1,16,40,0,accounting_only,0,0,0,0,0,0,1,1,221,405,0.0824,5000,5500,0,0,0.3854,1927,30829.5,0,0,0,0,0,9640,1927,0.00985989,0,0,0,0,0,0,0,0,0,0,0,0,0,0,0,85.0482,1927,0.5,0.5,0,0,0,0,0,0,0,0,0,0,0,0,0,0,5000,0.0824,221.34,404.713,0,0,0,0,0,0,0,0,0,0,0,0,0,0,0,0,0,0,5000,-0.0210062,12.7632,27.6933,2009,2991,0,0,3106,1894,4.29941,26.6431,9640,78744,2982,11928,5024,0,0
rescuesched-v2,rescuesched-trace-v2,e8571df49e2ece5c9dcc9c09619d6c5a9a0598454352106f77f8a343f96cca8b,explicit-short-long-method,server-side-method-budget,actual-service-plus-host,500,5000,133006,10612.5,5000,rescue_w3_heavytail_main,W3,M1_RescueSched,0.85,23,1,64,5,1,16,4,0.5,ewma,0,0.05,4,0.5,request_random,4096,0,1381192497,append_tail,1.25,5,1,16,40,0,accounting_only,0,0,0,0,0,0,1,1,223,413,0.0606,5000,5500,0,0,0.3562,1781,29080.6,0,0,0,0,0,0,0,0,9644,105184,12981,7322,7317,1781,210368,12981,51924,0,0,1781,0.5,0.5,1,86.2267,1781,0.5,0.5,29080.6,5,44602,0,1575,206,0,1781,119.435,5.03412,1781,0.0213363,137.309,312.101,3219,0.0823237,236.303,418.224,38,1743,16,0,289,16,0.00898372,16,0.978664,0.03032,0.978664,0,0,0,0,0,0,0,5000,-0.068245,12.7457,27.7084,2010,2990,0,0,3106,1894,4.30077,26.5948,9644,210368,12981,51924,5024,0,0
rescuesched-v2,rescuesched-trace-v2,1652fb153ded7e6d47436b83f41d53dc1210510335e04b2146e93463f5426a2f,explicit-short-long-method,server-side-method-budget,actual-service-plus-host,500,5000,130716,10922.1,5000,rescue_w3_heavytail_main,W3,L0_RandomCore,0.85,37,1,64,5,1,16,4,0.5,ewma,0,0.05,4,0.5,request_random,4096,0,1381192497,append_tail,1.25,5,1,16,40,0,accounting_only,0,0,0,0,0,0,1,1,975,1.15e+03,0.5952,5000,5500,0,0,0,0,0,0,0,0,0,0,0,0,0,0,0,0,0,0,0,0,0,0,0,0,0,0,0,0,0,0,0,0,0,0,0,0,0,0,0,0,0,0,0,0,0,0,5000,0.5952,975.445,1147.58,0,0,0,0,0,0,0,0,0,0,0,0,0,0,0,0,0,0,5000,0.126331,12.2864,29.1365,2008,2992,0,0,3152,1848,4.32988,25.8574,0,0,0,0,5086,0,0
rescuesched-v2,rescuesched-trace-v2,1652fb153ded7e6d47436b83f41d53dc1210510335e04b2146e93463f5426a2f,explicit-short-long-method,server-side-method-budget,actual-service-plus-host,500,5000,130716,10745.1,5000,rescue_w3_heavytail_main,W3,L1_WorkStealingPolling,0.85,37,1,64,5,1,16,4,0.5,ewma,0,0.05,4,0.5,request_random,4096,0,1381192497,append_tail,1.25,5,1,16,40,0,accounting_only,0,0,0,0,0,0,1,1,161,372,0.0616,5000,5500,0,0,0.6272,3136,84308.9,27561,3136,3136,9785,23693,0,0,0,0,0,0,0,0,0,0,0,0,0,0,0,0,0,0,86.278,3136,0.5,0.5,0,0,0,0,0,0,0,0,0,0,0,0,0,0,5000,0.0616,161.269,371.718,0,0,0,0,0,0,0,0,0,0,0,0,0,0,0,0,0,0,5000,0.0518909,12.216,29.1466,2016,2984,0,0,3152,1848,4.31843,25.6864,0,0,0,0,5030,9785,0
rescuesched-v2,rescuesched-trace-v2,1652fb153ded7e6d47436b83f41d53dc1210510335e04b2146e93463f5426a2f,explicit-short-long-method,server-side-method-budget,actual-service-plus-host,500,5000,130716,10799.1,5000,rescue_w3_heavytail_main,W3,M0_AltoThreshold,0.85,37,1,64,5,1,16,4,0.5,ewma,0,0.05,4,0.5,request_random,4096,0,1381192497,append_tail,1.25,5,1,16,40,0,accounting_only,0,0,0,0,0,0,1,1,208,391,0.0664,5000,5500,0,0,0.365,1825,27951.3,0,0,0,0,0,9839,1825,0.010411,0,0,0,0,0,0,0,0,0,0,0,0,0,0,0,91.7804,1825,0.5,0.5,0,0,0,0,0,0,0,0,0,0,0,0,0,0,5000,0.0664,208.478,390.51,0,0,0,0,0,0,0,0,0,0,0,0,0,0,0,0,0,0,5000,0.036891,12.2508,29.1797,2028,2972,0,0,3152,1848,4.31889,25.7796,9839,79420,2835,11340,5035,0,0
rescuesched-v2,rescuesched-trace-v2,1652fb153ded7e6d47436b83f41d53dc1210510335e04b2146e93463f5426a2f,explicit-short-long-method,server-side-method-budget,actual-service-plus-host,500,5000,130716,10799.1,5000,rescue_w3_heavytail_main,W3,M1_RescueSched,0.85,37,1,64,5,1,16,4,0.5,ewma,0,0.05,4,0.5,request_random,4096,0,1381192497,append_tail,1.25,5,1,16,40,0,accounting_only,0,0,0,0,0,0,1,1,220,414,0.0526,5000,5500,0,0,0.3352,1676,26628.4,0,0,0,0,0,0,0,0,9839,102632,16449,7090,6987,1676,205264,16449,65796,0,0,1676,0.5,0.5,1,89.7133,1676,0.5,0.5,26628.4,103,58706,0,1497,179,0,1676,128.116,3.84864,1676,0.0161098,125.414,251.124,3324,0.0709988,254.159,502.394,27,1649,9,0,200,9,0.00536993,9,0.98389,0.0214797,0.98389,0,0,0,0,0,0,0,5000,0.0813662,12.2481,29.1331,2014,2986,0,0,3152,1848,4.31586,25.7775,9839,205264,16449,65796,5042,0,0
rescuesched-v2,rescuesched-trace-v2,10b08b857a0133d4578d85ddc8380650422090ff2ce9d7bc24f9f2d6b14a3a01,explicit-short-long-method,server-side-method-budget,actual-service-plus-host,500,5000,127598,10958,5000,rescue_w3_heavytail_main,W3,L0_RandomCore,0.85,47,1,64,5,1,16,4,0.5,ewma,0,0.05,4,0.5,request_random,4096,0,1381192497,append_tail,1.25,5,1,16,40,0,accounting_only,0,0,0,0,0,0,1,1,603,877,0.5574,5000,5500,0,0,0,0,0,0,0,0,0,0,0,0,0,0,0,0,0,0,0,0,0,0,0,0,0,0,0,0,0,0,0,0,0,0,0,0,0,0,0,0,0,0,0,0,0,0,5000,0.5574,603.141,877.385,0,0,0,0,0,0,0,0,0,0,0,0,0,0,0,0,0,0,5000,0.0217446,11.493,24.8846,2050,2950,0,0,3173,1827,4.27545,24.0279,0,0,0,0,5071,0,0
rescuesched-v2,rescuesched-trace-v2,10b08b857a0133d4578d85ddc8380650422090ff2ce9d7bc24f9f2d6b14a3a01,explicit-short-long-method,server-side-method-budget,actual-service-plus-host,500,5000,127598,10701,5000,rescue_w3_heavytail_main,W3,L1_WorkStealingPolling,0.85,47,1,64,5,1,16,4,0.5,ewma,0,0.05,4,0.5,request_random,4096,0,1381192497,append_tail,1.25,5,1,16,40,0,accounting_only,0,0,0,0,0,0,1,1,155,300,0.0268,5000,5500,0,0,0.684,3420,90302.1,32884,3420,3420,9838,28623,0,0,0,0,0,0,0,0,0,0,0,0,0,0,0,0,0,0,85.8103,3420,0.5,0.5,0,0,0,0,0,0,0,0,0,0,0,0,0,0,5000,0.0268,155.356,300.38,0,0,0,0,0,0,0,0,0,0,0,0,0,0,0,0,0,0,5000,-0.136449,11.4722,24.7936,2080,2920,0,0,3173,1827,4.26679,23.9859,0,0,0,0,5017,9838,0
rescuesched-v2,rescuesched-trace-v2,10b08b857a0133d4578d85ddc8380650422090ff2ce9d7bc24f9f2d6b14a3a01,explicit-short-long-method,server-side-method-budget,actual-service-plus-host,500,5000,127598,10708.9,5000,rescue_w3_heavytail_main,W3,M0_AltoThreshold,0.85,47,1,64,5,1,16,4,0.5,ewma,0,0.05,4,0.5,request_random,4096,0,1381192497,append_tail,1.25,5,1,16,40,0,accounting_only,0,0,0,0,0,0,1,1,203,336,0.0296,5000,5500,0,0,0.3166,1583,23201.9,0,0,0,0,0,9845,1583,0.00252685,0,0,0,0,0,0,0,0,0,0,0,0,0,0,0,76.6046,1583,0.5,0.5,0,0,0,0,0,0,0,0,0,0,0,0,0,0,5000,0.0296,203.453,335.691,0,0,0,0,0,0,0,0,0,0,0,0,0,0,0,0,0,0,5000,-0.106863,11.4849,24.8088,2099,2901,0,0,3173,1827,4.25778,24.0363,9845,62408,1790,7160,5021,0,0
rescuesched-v2,rescuesched-trace-v2,10b08b857a0133d4578d85ddc8380650422090ff2ce9d7bc24f9f2d6b14a3a01,explicit-short-long-method,server-side-method-budget,actual-service-plus-host,500,5000,127598,10698,5000,rescue_w3_heavytail_main,W3,M1_RescueSched,0.85,47,1,64,5,1,16,4,0.5,ewma,0,0.05,4,0.5,request_random,4096,0,1381192497,append_tail,1.25,5,1,16,40,0,accounting_only,0,0,0,0,0,0,1,1,210,342,0.0286,5000,5500,0,0,0.3178,1589,23607.5,0,0,0,0,0,0,0,0,9835,79556,3237,6925,6925,1589,159112,3237,12948,0,0,1589,0.5,0.5,1,83.2996,1589,0.5,0.5,23607.5,0,6023,0,1460,129,0,1589,110.517,1.99695,1589,0.0106986,108.648,209.982,3411,0.0369393,226.504,360.571,17,1572,5,0,73,5,0.00314663,5,0.989301,0.0138452,0.989301,0,0,0,0,0,0,0,5000,-0.122645,11.4813,24.7932,2090,2910,0,0,3173,1827,4.26172,24.0198,9835,159112,3237,12948,5022,0,0
rescuesched-v2,rescuesched-trace-v2,3abc72611b86f908f52bc8b3cc747c8ff4fb01f0a69768afd597558ae6b27969,explicit-short-long-method,server-side-method-budget,actual-service-plus-host,500,5000,126779,10871.8,5000,rescue_w3_heavytail_main,W3,L0_RandomCore,0.85,59,1,64,5,1,16,4,0.5,ewma,0,0.05,4,0.5,request_random,4096,0,1381192497,append_tail,1.25,5,1,16,40,0,accounting_only,0,0,0,0,0,0,1,1,527,622,0.533,5000,5500,0,0,0,0,0,0,0,0,0,0,0,0,0,0,0,0,0,0,0,0,0,0,0,0,0,0,0,0,0,0,0,0,0,0,0,0,0,0,0,0,0,0,0,0,0,0,5000,0.533,526.508,622.026,0,0,0,0,0,0,0,0,0,0,0,0,0,0,0,0,0,0,5000,-0.142043,11.4109,22.4135,2035,2965,0,0,3169,1831,4.41902,23.512,0,0,0,0,5055,0,0
rescuesched-v2,rescuesched-trace-v2,3abc72611b86f908f52bc8b3cc747c8ff4fb01f0a69768afd597558ae6b27969,explicit-short-long-method,server-side-method-budget,actual-service-plus-host,500,5000,126779,10603.2,5000,rescue_w3_heavytail_main,W3,L1_WorkStealingPolling,0.85,59,1,64,5,1,16,4,0.5,ewma,0,0.05,4,0.5,request_random,4096,0,1381192497,append_tail,1.25,5,1,16,40,0,accounting_only,0,0,0,0,0,0,1,1,141,276,0.0404,5000,5500,0,0,0.665,3325,86510.2,30981,3325,3325,9664,26811,0,0,0,0,0,0,0,0,0,0,0,0,0,0,0,0,0,0,71.4877,3325,0.5,0.5,0,0,0,0,0,0,0,0,0,0,0,0,0,0,5000,0.0404,140.625,275.816,0,0,0,0,0,0,0,0,0,0,0,0,0,0,0,0,0,0,5000,-0.125896,11.4066,22.4436,2041,2959,0,0,3169,1831,4.40939,23.517,0,0,0,0,5012,9664,0
rescuesched-v2,rescuesched-trace-v2,3abc72611b86f908f52bc8b3cc747c8ff4fb01f0a69768afd597558ae6b27969,explicit-short-long-method,server-side-method-budget,actual-service-plus-host,500,5000,126779,10622.2,5000,rescue_w3_heavytail_main,W3,M0_AltoThreshold,0.85,59,1,64,5,1,16,4,0.5,ewma,0,0.05,4,0.5,request_random,4096,0,1381192497,append_tail,1.25,5,1,16,40,0,accounting_only,0,0,0,0,0,0,1,1,188,341,0.0258,5000,5500,0,0,0.3166,1583,22531.2,0,0,0,0,0,9683,1583,0.00189514,0,0,0,0,0,0,0,0,0,0,0,0,0,0,0,69.2166,1583,0.5,0.5,0,0,0,0,0,0,0,0,0,0,0,0,0,0,5000,0.0258,187.969,341.164,0,0,0,0,0,0,0,0,0,0,0,0,0,0,0,0,0,0,5000,-0.255735,11.3463,22.377,2042,2958,0,0,3169,1831,4.40705,23.3565,9683,65149,1764,7056,5021,0,0
rescuesched-v2,rescuesched-trace-v2,3abc72611b86f908f52bc8b3cc747c8ff4fb01f0a69768afd597558ae6b27969,explicit-short-long-method,server-side-method-budget,actual-service-plus-host,500,5000,126779,10621.4,5000,rescue_w3_heavytail_main,W3,M1_RescueSched,0.85,59,1,64,5,1,16,4,0.5,ewma,0,0.05,4,0.5,request_random,4096,0,1381192497,append_tail,1.25,5,1,16,40,0,accounting_only,0,0,0,0,0,0,1,1,190,345,0.0232,5000,5500,0,0,0.3242,1621,23190.1,0,0,0,0,0,0,0,0,9682,81386,2430,7078,7078,1621,162772,2430,9720,0,0,1621,0.5,0.5,1,74.6223,1621,0.5,0.5,23190.1,0,2642,0,1504,117,0,1621,104.81,2.08215,1621,0.00801974,107.257,177.576,3379,0.0304824,208.774,384.957,13,1608,2,0,79,2,0.00123381,2,0.99198,0.00925355,0.99198,0,0,0,0,0,0,0,5000,-0.24189,11.366,22.385,2050,2950,0,0,3169,1831,4.41,23.405,9682,162772,2430,9720,5021,0,0
rescuesched-v2,rescuesched-trace-v2,b8f6e86150b6960d41a569c67e05fdace3de91ecc32080516f6df7e9f9114fcf,explicit-short-long-method,server-side-method-budget,actual-service-plus-host,500,5000,131596,11427.8,5000,rescue_w3_heavytail_main,W3,L0_RandomCore,0.9,11,1,64,5,1,16,4,0.5,ewma,0,0.05,4,0.5,request_random,4096,0,1381192497,append_tail,1.25,5,1,16,40,0,accounting_only,0,0,0,0,0,0,1,1,1.61e+03,1.79e+03,0.67,5000,5500,0,0,0,0,0,0,0,0,0,0,0,0,0,0,0,0,0,0,0,0,0,0,0,0,0,0,0,0,0,0,0,0,0,0,0,0,0,0,0,0,0,0,0,0,0,0,5000,0.67,1614.62,1789.54,0,0,0,0,0,0,0,0,0,0,0,0,0,0,0,0,0,0,5000,-0.0477804,12.1575,25.4038,2039,2961,0,0,3104,1896,4.26607,25.0768,0,0,0,0,5052,0,0
rescuesched-v2,rescuesched-trace-v2,b8f6e86150b6960d41a569c67e05fdace3de91ecc32080516f6df7e9f9114fcf,explicit-short-long-method,server-side-method-budget,actual-service-plus-host,500,5000,131596,10131,5000,rescue_w3_heavytail_main,W3,L1_WorkStealingPolling,0.9,11,1,64,5,1,16,4,0.5,ewma,0,0.05,4,0.5,request_random,4096,0,1381192497,append_tail,1.25,5,1,16,40,0,accounting_only,0,0,0,0,0,0,1,1,159,320,0.096,5000,5500,0,0,0.5812,2906,80983.4,17374,2906,2906,9179,14070,0,0,0,0,0,0,0,0,0,0,0,0,0,0,0,0,0,0,78.6016,2906,0.5,0.5,0,0,0,0,0,0,0,0,0,0,0,0,0,0,5000,0.096,159.387,320.493,0,0,0,0,0,0,0,0,0,0,0,0,0,0,0,0,0,0,5000,-0.0299154,12.0604,25.2821,2031,2969,0,0,3104,1896,4.25483,24.8392,0,0,0,0,5013,9179,0
rescuesched-v2,rescuesched-trace-v2,b8f6e86150b6960d41a569c67e05fdace3de91ecc32080516f6df7e9f9114fcf,explicit-short-long-method,server-side-method-budget,actual-service-plus-host,500,5000,131596,10201.9,5000,rescue_w3_heavytail_main,W3,M0_AltoThreshold,0.9,11,1,64,5,1,16,4,0.5,ewma,0,0.05,4,0.5,request_random,4096,0,1381192497,append_tail,1.25,5,1,16,40,0,accounting_only,0,0,0,0,0,0,1,1,212,387,0.0856,5000,5500,0,0,0.3996,1998,31982.5,0,0,0,0,0,9250,1998,0.0125125,0,0,0,0,0,0,0,0,0,0,0,0,0,0,0,80.311,1998,0.5,0.5,0,0,0,0,0,0,0,0,0,0,0,0,0,0,5000,0.0856,211.536,387.398,0,0,0,0,0,0,0,0,0,0,0,0,0,0,0,0,0,0,5000,-0.0249525,12.0669,25.2999,2024,2976,0,0,3104,1896,4.26411,24.8411,9250,93880,3268,13072,5019,0,0
rescuesched-v2,rescuesched-trace-v2,b8f6e86150b6960d41a569c67e05fdace3de91ecc32080516f6df7e9f9114fcf,explicit-short-long-method,server-side-method-budget,actual-service-plus-host,500,5000,131596,10213.2,5000,rescue_w3_heavytail_main,W3,M1_RescueSched,0.9,11,1,64,5,1,16,4,0.5,ewma,0,0.05,4,0.5,request_random,4096,0,1381192497,append_tail,1.25,5,1,16,40,0,accounting_only,0,0,0,0,0,0,1,1,223,387,0.0708,5000,5500,0,0,0.3686,1843,30446.1,0,0,0,0,0,0,0,0,9262,115663,17765,7776,7540,1843,231326,17765,71060,0,0,1843,0.5,0.5,1,81.3167,1843,0.5,0.5,30446.1,236,63284,0,1622,221,0,1843,117.425,6.35096,1843,0.020076,147.03,247.755,3157,0.100412,245.169,400.238,37,1806,15,0,345,15,0.0081389,15,0.979924,0.0282149,0.979924,0,0,0,0,0,0,0,5000,-0.0148861,12.107,25.3774,2008,2992,0,0,3104,1896,4.26864,24.9394,9262,231326,17765,71060,5019,0,0
rescuesched-v2,rescuesched-trace-v2,dc2df282a61a437de63ef5bec367400f9ef236898768f2d4f4ee8d93f33eea6c,explicit-short-long-method,server-side-method-budget,actual-service-plus-host,500,5000,133006,11060.4,5000,rescue_w3_heavytail_main,W3,L0_RandomCore,0.9,23,1,64,5,1,16,4,0.5,ewma,0,0.05,4,0.5,request_random,4096,0,1381192497,append_tail,1.25,5,1,16,40,0,accounting_only,0,0,0,0,0,0,1,1,1.07e+03,1.24e+03,0.7224,5000,5500,0,0,0,0,0,0,0,0,0,0,0,0,0,0,0,0,0,0,0,0,0,0,0,0,0,0,0,0,0,0,0,0,0,0,0,0,0,0,0,0,0,0,0,0,0,0,5000,0.7224,1072.32,1242.31,0,0,0,0,0,0,0,0,0,0,0,0,0,0,0,0,0,0,5000,0.033886,12.7793,27.7676,1982,3018,0,0,3106,1894,4.30744,26.6724,0,0,0,0,5079,0,0
rescuesched-v2,rescuesched-trace-v2,dc2df282a61a437de63ef5bec367400f9ef236898768f2d4f4ee8d93f33eea6c,explicit-short-long-method,server-side-method-budget,actual-service-plus-host,500,5000,133006,9956.69,5000,rescue_w3_heavytail_main,W3,L1_WorkStealingPolling,0.9,23,1,64,5,1,16,4,0.5,ewma,0,0.05,4,0.5,request_random,4096,0,1381192497,append_tail,1.25,5,1,16,40,0,accounting_only,0,0,0,0,0,0,1,1,186,393,0.1978,5000,5500,0,0,0.4752,2376,67886.2,12760,2376,2376,9042,10068,0,0,0,0,0,0,0,0,0,0,0,0,0,0,0,0,0,0,77.4374,2376,0.5,0.5,0,0,0,0,0,0,0,0,0,0,0,0,0,0,5000,0.1978,185.953,393.131,0,0,0,0,0,0,0,0,0,0,0,0,0,0,0,0,0,0,5000,0.000352709,12.7471,27.6355,2005,2995,0,0,3106,1894,4.29139,26.6138,0,0,0,0,5023,9042,0
rescuesched-v2,rescuesched-trace-v2,dc2df282a61a437de63ef5bec367400f9ef236898768f2d4f4ee8d93f33eea6c,explicit-short-long-method,server-side-method-budget,actual-service-plus-host,500,5000,133006,10021.7,5000,rescue_w3_heavytail_main,W3,M0_AltoThreshold,0.9,23,1,64,5,1,16,4,0.5,ewma,0,0.05,4,0.5,request_random,4096,0,1381192497,append_tail,1.25,5,1,16,40,0,accounting_only,0,0,0,0,0,0,1,1,233,438,0.2126,5000,5500,0,0,0.4808,2404,39255.8,0,0,0,0,0,9107,2404,0.0336938,0,0,0,0,0,0,0,0,0,0,0,0,0,0,0,81.2761,2404,0.5,0.5,0,0,0,0,0,0,0,0,0,0,0,0,0,0,5000,0.2126,233.031,438.034,0,0,0,0,0,0,0,0,0,0,0,0,0,0,0,0,0,0,5000,-0.0210889,12.7673,27.6879,1981,3019,0,0,3106,1894,4.2855,26.6768,9107,138255,6387,25548,5025,0,0
rescuesched-v2,rescuesched-trace-v2,dc2df282a61a437de63ef5bec367400f9ef236898768f2d4f4ee8d93f33eea6c,explicit-short-long-method,server-side-method-budget,actual-service-plus-host,500,5000,133006,10040.5,5000,rescue_w3_heavytail_main,W3,M1_RescueSched,0.9,23,1,64,5,1,16,4,0.5,ewma,0,0.05,4,0.5,request_random,4096,0,1381192497,append_tail,1.25,5,1,16,40,0,accounting_only,0,0,0,0,0,0,1,1,260,451,0.1764,5000,5500,0,0,0.3408,1704,32351.4,0,0,0,0,0,0,0,0,9126,178490,69526,8513,6597,1704,356980,69526,278104,0,0,1704,0.5,0.5,1,79.8352,1704,0.5,0.5,32351.4,1916,269591,0,1403,301,0,1704,132.194,10.221,1704,0.0369718,191.777,334.101,3296,0.248483,269.531,532.157,63,1641,26,0,495,26,0.0152582,26,0.963028,0.05223,0.963028,0,0,0,0,0,0,0,5000,-0.0179043,12.7833,27.6862,2003,2997,0,0,3106,1894,4.29655,26.7009,9126,356980,69526,278104,5025,0,0
rescuesched-v2,rescuesched-trace-v2,5b15df44e57d85207478e18e6e5037fd105fa5b47d2b921a38113e8b5d51c974,explicit-short-long-method,server-side-method-budget,actual-service-plus-host,500,5000,130716,10591.9,5000,rescue_w3_heavytail_main,W3,L0_RandomCore,0.9,37,1,64,5,1,16,4,0.5,ewma,0,0.05,4,0.5,request_random,4096,0,1381192497,append_tail,1.25,5,1,16,40,0,accounting_only,0,0,0,0,0,0,1,1,1.07e+03,1.16e+03,0.6764,5000,5500,0,0,0,0,0,0,0,0,0,0,0,0,0,0,0,0,0,0,0,0,0,0,0,0,0,0,0,0,0,0,0,0,0,0,0,0,0,0,0,0,0,0,0,0,0,0,5000,0.6764,1067.26,1164.67,0,0,0,0,0,0,0,0,0,0,0,0,0,0,0,0,0,0,5000,0.214784,12.31,29.1206,2012,2988,0,0,3152,1848,4.32239,25.9338,0,0,0,0,5095,0,0
rescuesched-v2,rescuesched-trace-v2,5b15df44e57d85207478e18e6e5037fd105fa5b47d2b921a38113e8b5d51c974,explicit-short-long-method,server-side-method-budget,actual-service-plus-host,500,5000,130716,10153.2,5000,rescue_w3_heavytail_main,W3,L1_WorkStealingPolling,0.9,37,1,64,5,1,16,4,0.5,ewma,0,0.05,4,0.5,request_random,4096,0,1381192497,append_tail,1.25,5,1,16,40,0,accounting_only,0,0,0,0,0,0,1,1,174,371,0.1308,5000,5500,0,0,0.5548,2774,76045.5,17991,2774,2774,9246,14749,0,0,0,0,0,0,0,0,0,0,0,0,0,0,0,0,0,0,97.2761,2774,0.5,0.5,0,0,0,0,0,0,0,0,0,0,0,0,0,0,5000,0.1308,173.938,370.829,0,0,0,0,0,0,0,0,0,0,0,0,0,0,0,0,0,0,5000,0.0448324,12.2287,29.1261,2039,2961,0,0,3152,1848,4.32513,25.7093,0,0,0,0,5040,9246,0
rescuesched-v2,rescuesched-trace-v2,5b15df44e57d85207478e18e6e5037fd105fa5b47d2b921a38113e8b5d51c974,explicit-short-long-method,server-side-method-budget,actual-service-plus-host,500,5000,130716,10209.3,5000,rescue_w3_heavytail_main,W3,M0_AltoThreshold,0.9,37,1,64,5,1,16,4,0.5,ewma,0,0.05,4,0.5,request_random,4096,0,1381192497,append_tail,1.25,5,1,16,40,0,accounting_only,0,0,0,0,0,0,1,1,230,474,0.154,5000,5500,0,0,0.42,2100,33760.2,0,0,0,0,0,9302,2100,0.0280952,0,0,0,0,0,0,0,0,0,0,0,0,0,0,0,96.4825,2100,0.5,0.5,0,0,0,0,0,0,0,0,0,0,0,0,0,0,5000,0.154,229.714,474.034,0,0,0,0,0,0,0,0,0,0,0,0,0,0,0,0,0,0,5000,0.0599581,12.2819,29.1349,2019,2981,0,0,3152,1848,4.3322,25.8412,9302,122554,4915,19660,5047,0,0
rescuesched-v2,rescuesched-trace-v2,5b15df44e57d85207478e18e6e5037fd105fa5b47d2b921a38113e8b5d51c974,explicit-short-long-method,server-side-method-budget,actual-service-plus-host,500,5000,130716,10209.3,5000,rescue_w3_heavytail_main,W3,M1_RescueSched,0.9,37,1,64,5,1,16,4,0.5,ewma,0,0.05,4,0.5,request_random,4096,0,1381192497,append_tail,1.25,5,1,16,40,0,accounting_only,0,0,0,0,0,0,1,1,244,411,0.1188,5000,5500,0,0,0.3436,1718,29955.6,0,0,0,0,0,0,0,0,9302,148732,49027,7994,6928,1718,297464,49027,196108,0,0,1718,0.5,0.5,1,89.3211,1718,0.5,0.5,29955.6,1066,188114,0,1467,251,0,1718,133.637,7.47578,1718,0.0273574,168.049,523.82,3282,0.166667,273.192,410.858,47,1671,21,0,367,21,0.0122235,21,0.972643,0.0395809,0.972643,0,0,0,0,0,0,0,5000,-0.00303411,12.2299,29.1204,2032,2968,0,0,3152,1848,4.33379,25.6976,9302,297464,49027,196108,5048,0,0
rescuesched-v2,rescuesched-trace-v2,b240b45b3ba0d26073af0660a989e0445be40af5792a08c86bcff7354853ad0a,explicit-short-long-method,server-side-method-budget,actual-service-plus-host,500,5000,127598,10516.9,5000,rescue_w3_heavytail_main,W3,L0_RandomCore,0.9,47,1,64,5,1,16,4,0.5,ewma,0,0.05,4,0.5,request_random,4096,0,1381192497,append_tail,1.25,5,1,16,40,0,accounting_only,0,0,0,0,0,0,1,1,726,890,0.6444,5000,5500,0,0,0,0,0,0,0,0,0,0,0,0,0,0,0,0,0,0,0,0,0,0,0,0,0,0,0,0,0,0,0,0,0,0,0,0,0,0,0,0,0,0,0,0,0,0,5000,0.6444,726.075,890.026,0,0,0,0,0,0,0,0,0,0,0,0,0,0,0,0,0,0,5000,-0.0696981,11.4649,24.9283,2071,2929,0,0,3173,1827,4.27914,23.9447,0,0,0,0,5088,0,0
rescuesched-v2,rescuesched-trace-v2,b240b45b3ba0d26073af0660a989e0445be40af5792a08c86bcff7354853ad0a,explicit-short-long-method,server-side-method-budget,actual-service-plus-host,500,5000,127598,10122.7,5000,rescue_w3_heavytail_main,W3,L1_WorkStealingPolling,0.9,47,1,64,5,1,16,4,0.5,ewma,0,0.05,4,0.5,request_random,4096,0,1381192497,append_tail,1.25,5,1,16,40,0,accounting_only,0,0,0,0,0,0,1,1,157,305,0.0582,5000,5500,0,0,0.6268,3134,83923.5,23708,3134,3134,9307,19970,0,0,0,0,0,0,0,0,0,0,0,0,0,0,0,0,0,0,85.53,3134,0.5,0.5,0,0,0,0,0,0,0,0,0,0,0,0,0,0,5000,0.0582,156.974,304.984,0,0,0,0,0,0,0,0,0,0,0,0,0,0,0,0,0,0,5000,-0.0850022,11.4708,24.7614,2087,2913,0,0,3173,1827,4.26607,23.9835,0,0,0,0,5021,9307,0
rescuesched-v2,rescuesched-trace-v2,b240b45b3ba0d26073af0660a989e0445be40af5792a08c86bcff7354853ad0a,explicit-short-long-method,server-side-method-budget,actual-service-plus-host,500,5000,127598,10124.5,5000,rescue_w3_heavytail_main,W3,M0_AltoThreshold,0.9,47,1,64,5,1,16,4,0.5,ewma,0,0.05,4,0.5,request_random,4096,0,1381192497,append_tail,1.25,5,1,16,40,0,accounting_only,0,0,0,0,0,0,1,1,207,352,0.0494,5000,5500,0,0,0.3582,1791,26607.3,0,0,0,0,0,9309,1791,0.00390843,0,0,0,0,0,0,0,0,0,0,0,0,0,0,0,70.7607,1791,0.5,0.5,0,0,0,0,0,0,0,0,0,0,0,0,0,0,5000,0.0494,206.652,351.622,0,0,0,0,0,0,0,0,0,0,0,0,0,0,0,0,0,0,5000,-0.11378,11.4706,24.8559,2089,2911,0,0,3173,1827,4.26744,23.9805,9309,70845,2290,9160,5022,0,0
rescuesched-v2,rescuesched-trace-v2,b240b45b3ba0d26073af0660a989e0445be40af5792a08c86bcff7354853ad0a,explicit-short-long-method,server-side-method-budget,actual-service-plus-host,500,5000,127598,10124.5,5000,rescue_w3_heavytail_main,W3,M1_RescueSched,0.9,47,1,64,5,1,16,4,0.5,ewma,0,0.05,4,0.5,request_random,4096,0,1381192497,append_tail,1.25,5,1,16,40,0,accounting_only,0,0,0,0,0,0,1,1,209,343,0.0428,5000,5500,0,0,0.3478,1739,26369,0,0,0,0,0,0,0,0,9309,95417,8750,7496,7471,1739,190834,8750,35000,0,0,1739,0.5,0.5,1,85.9851,1739,0.5,0.5,26369,25,27504,0,1586,153,0,1739,112.545,3.87553,1739,0.013226,126.019,236.299,3261,0.058571,234.684,355.768,23,1716,7,0,190,7,0.0040253,7,0.986774,0.0172513,0.986774,0,0,0,0,0,0,0,5000,-0.105891,11.4413,24.827,2076,2924,0,0,3173,1827,4.26029,23.9128,9309,190834,8750,35000,5023,0,0
rescuesched-v2,rescuesched-trace-v2,1032f3797cccf4558f4a07462de14a023443558d6780fc692ff853545962a550,explicit-short-long-method,server-side-method-budget,actual-service-plus-host,500,5000,126779,10460.8,5000,rescue_w3_heavytail_main,W3,L0_RandomCore,0.9,59,1,64,5,1,16,4,0.5,ewma,0,0.05,4,0.5,request_random,4096,0,1381192497,append_tail,1.25,5,1,16,40,0,accounting_only,0,0,0,0,0,0,1,1,740,860,0.619,5000,5500,0,0,0,0,0,0,0,0,0,0,0,0,0,0,0,0,0,0,0,0,0,0,0,0,0,0,0,0,0,0,0,0,0,0,0,0,0,0,0,0,0,0,0,0,0,0,5000,0.619,739.541,859.635,0,0,0,0,0,0,0,0,0,0,0,0,0,0,0,0,0,0,5000,-0.180042,11.4302,22.3829,2017,2983,0,0,3169,1831,4.42637,23.5521,0,0,0,0,5065,0,0
rescuesched-v2,rescuesched-trace-v2,1032f3797cccf4558f4a07462de14a023443558d6780fc692ff853545962a550,explicit-short-long-method,server-side-method-budget,actual-service-plus-host,500,5000,126779,10016.7,5000,rescue_w3_heavytail_main,W3,L1_WorkStealingPolling,0.9,59,1,64,5,1,16,4,0.5,ewma,0,0.05,4,0.5,request_random,4096,0,1381192497,append_tail,1.25,5,1,16,40,0,accounting_only,0,0,0,0,0,0,1,1,142,276,0.0676,5000,5500,0,0,0.6254,3127,83633.1,21863,3127,3127,9130,18133,0,0,0,0,0,0,0,0,0,0,0,0,0,0,0,0,0,0,75.4052,3127,0.5,0.5,0,0,0,0,0,0,0,0,0,0,0,0,0,0,5000,0.0676,141.655,275.715,0,0,0,0,0,0,0,0,0,0,0,0,0,0,0,0,0,0,5000,-0.172293,11.4094,22.4308,2051,2949,0,0,3169,1831,4.41667,23.5121,0,0,0,0,5013,9130,0
rescuesched-v2,rescuesched-trace-v2,1032f3797cccf4558f4a07462de14a023443558d6780fc692ff853545962a550,explicit-short-long-method,server-side-method-budget,actual-service-plus-host,500,5000,126779,10042.3,5000,rescue_w3_heavytail_main,W3,M0_AltoThreshold,0.9,59,1,64,5,1,16,4,0.5,ewma,0,0.05,4,0.5,request_random,4096,0,1381192497,append_tail,1.25,5,1,16,40,0,accounting_only,0,0,0,0,0,0,1,1,192,353,0.0536,5000,5500,0,0,0.3708,1854,26795.3,0,0,0,0,0,9156,1854,0.00809061,0,0,0,0,0,0,0,0,0,0,0,0,0,0,0,65.3695,1854,0.5,0.5,0,0,0,0,0,0,0,0,0,0,0,0,0,0,5000,0.0536,192.17,353.176,0,0,0,0,0,0,0,0,0,0,0,0,0,0,0,0,0,0,5000,-0.26831,11.3402,22.3397,2046,2954,0,0,3169,1831,4.4071,23.3395,9156,77415,2480,9920,5024,0,0
rescuesched-v2,rescuesched-trace-v2,1032f3797cccf4558f4a07462de14a023443558d6780fc692ff853545962a550,explicit-short-long-method,server-side-method-budget,actual-service-plus-host,500,5000,126779,10040.6,5000,rescue_w3_heavytail_main,W3,M1_RescueSched,0.9,59,1,64,5,1,16,4,0.5,ewma,0,0.05,4,0.5,request_random,4096,0,1381192497,append_tail,1.25,5,1,16,40,0,accounting_only,0,0,0,0,0,0,1,1,199,352,0.0448,5000,5500,0,0,0.3504,1752,25584.5,0,0,0,0,0,0,0,0,9154,99259,8712,7278,7278,1752,198518,8712,34848,0,0,1752,0.5,0.5,1,68.5978,1752,0.5,0.5,25584.5,0,27570,0,1611,141,0,1752,107.365,4.38249,1752,0.0222603,112.639,268.128,3248,0.0569581,226.215,386.687,39,1713,16,0,237,16,0.00913242,16,0.97774,0.0313927,0.97774,0,0,0,0,0,0,0,5000,-0.244467,11.367,22.3493,2039,2961,0,0,3169,1831,4.41741,23.3951,9154,198518,8712,34848,5021,0,0
